Quality,#1 ID,#2 ID,#1 String,#2 String
1,1089874,1089925,PCCW's chief operating officer  Mike Butcher  and Alex Arena  the chief financial officer  will report directly to Mr So.,Current Chief Operating Officer Mike Butcher and Group Chief Financial Officer Alex Arena will report to So.
1,3019446,3019327,The world's two largest automakers said their U.S. sales declined more than predicted last month as a late summer sales frenzy caused more of an industry backlash than expected.,Domestic sales at both GM and No. 2 Ford Motor Co. declined more than predicted as a late summer sales frenzy prompted a larger-than-expected industry backlash.
1,1945605,1945824,According to the federal Centers for Disease Control and Prevention (news - web sites)  there were 19 reported cases of measles in the United States in 2002.,The Centers for Disease Control and Prevention said there were 19 reported cases of measles in the United States in 2002.
0,1430402,1430329,A tropical storm rapidly developed in the Gulf of Mexico Sunday and was expected to hit somewhere along the Texas or Louisiana coasts by Monday night.,A tropical storm rapidly developed in the Gulf of Mexico on Sunday and could have hurricane-force winds when it hits land somewhere along the Louisiana coast Monday night.
0,3354381,3354396,The company didn't detail the costs of the replacement and repairs.,But company officials expect the costs of the replacement work to run into the millions of dollars.
1,1390995,1391183,The settling companies would also assign their possible claims against the underwriters to the investor plaintiffs  he added.,Under the agreement  the settling companies will also assign their potential claims against the underwriters to the investors  he added.
0,2201401,2201285,Air Commodore Quaife said the Hornets remained on three-minute alert throughout the operation.,Air Commodore John Quaife said the security operation was unprecedented.
1,2453843,2453998,A Washington County man may have the countys first human case of West Nile virus  the health department said Friday.,The countys first and only human case of West Nile this year was confirmed by health officials on Sept. 8.
1,1756630,1756502,Moseley and a senior aide delivered their summary assessments to about 300 American and allied military officers on Thursday.,General Moseley and a senior aide presented their assessments at an internal briefing for American and allied military officers at Nellis Air Force Base in Nevada on Thursday.
0,938878,938896,The broader Standard & Poor's 500 Index <.SPX> was 0.46 points lower  or 0.05 percent  at 997.02.,The technology-laced Nasdaq Composite Index .IXIC was up 7.42 points  or 0.45 percent  at 1 653.44.
1,2357153,2357114,Consumers would still have to get a descrambling security card from their cable operator to plug into the set.,To watch pay television  consumers would insert into the set a security card provided by their cable service.
1,2760337,2760373,The increase reflects lower credit losses and favorable interest rates.,The gain came as a result of fewer credit losses and lower interest rates.
1,3447768,3447857,The device plays Internet radio streams and comes with a 30-day trial of RealNetworks' Rhapsody music service.,The product also streams Internet radio and comes with a 30-day free trial for RealNetworks' Rhapsody digital music subscription service.
0,173848,173787,Hong Kong was flat  Australia   Singapore and South Korea lost 0.2-0.4 percent.,Australia was flat  Singapore was down 0.3 percent by midday and South Korea added 0.2 percent.
1,1756397,1756332,Evidence suggests two of the victims were taken by surprise  while the other two might have tried to flee or to defend themselves or the others  police said.,Evidence suggests two victims were taken by surprise  while the others may have tried to flee or perhaps defend themselves or their friends  police said.
0,749900,749726,Ballmer has been vocal in the past warning that Linux is a threat to Microsoft.,In the memo  Ballmer reiterated the open-source threat to Microsoft.
1,501917,501968,A charter plane crashed in Turkey on Monday  killing all 75 people aboard  including 62 Spanish peacekeepers returning from Afghanistan  officials said.,A plane carrying 75 people  including 62 Spanish peacekeepers returning from Afghanistan  crashed in thick fog in Turkey early on Monday  killing all aboard  officials said.
1,356718,356778,"Moroccan Interior Minister Al Mustapha Sahel said the investigation ""points to a group that has been arrested recently""  an apparent reference to Djihad Salafist.","Moroccan Interior Minister Al Mustapha Sahel told state-run 2M television late Saturday the investigation ""points to a group that has been arrested recently"" an apparent reference to Salafist Jihad."
1,1853823,1853477,She survives him as do their four children -- sons Anthony and Kelly  daughters Linda Hope and Nora Somers -- and four grandchildren.,Hope is survived by his wife  sons Anthony and Kelly  daughters Linda and Nora Somers  and four grandchildren.
1,3417894,3417817,It exploded in his hands  but the former Italian prime minister was unhurt.,The letter bomb sent to Prodi exploded in his hands but he was unhurt.
0,3026089,3026070,The British Foreign Office said Monday that coalition authorities in Iraq were pleased that the men were freed.,The British Foreign Office said it had mediated the two men's release.
1,1618799,1619119,Now  with the agency's last three shuttles grounded in the wake of the Columbia disaster  that wait could be even longer.,With the remaining three shuttles grounded in the wake of the Columbia accident  the rookies will have to wait even longer.
1,842299,842482,ISRAELI soldiers knocked down empty mobile homes and water towers in 10 tiny West Bank settlement outposts overnight as part of a US-backed Mideast peace plan.,Israeli soldiers began tearing down settlement outposts in the West Bank yesterday - an Israeli obligation under a new Mideast peace plan.
0,2452146,2452300,The latest snapshot of the labor markets was slightly better than economists were expecting  they were forecasting claims to fall no lower than 410 000 for last week.,Despite problems in the job market  the latest snapshot of the labor markets was slightly better than economists were expecting.
1,1596213,1596237,Another body was pulled from the water on Thursday and two seen floating down the river could not be retrieved due to the strong currents  local reporters said.,Two more bodies were seen floating down the river on Thursday  but could not be retrieved due to the strong currents  local reporters said.
1,420631,420719,Those reports were denied by the interior minister  Prince Nayef.,However  the Saudi interior minister  Prince Nayef  denied the reports.
1,2597390,2597503,Other members of the organization are believed to be in Pakistani cities  and many of the arrests of key al-Qaida operatives have taken place in those areas.,Other members of the organization are believed to be in Pakistani cities  where many of the arrests of key Al Qaeda operatives have taken place.
0,1305621,1305775,Agriculture ministers from more than one hundred nations are expected to attend the three-day Ministerial Conference and Expo on Agricultural Science and Technology sponsored by the U.S. Department of Agriculture.,U.S. Agriculture Secretary Ann Veneman kicks off the three-day Ministerial Conference and Expo on Agricultural Science and Technology on Monday.
1,276515,276501,"While there were about 700 Uruguayan UN peacekeepers in Bunia  they were ""neither trained nor equipped"" to deal with inter-ethnic violence  Mr Eckhard said.","The UN has approximately 600 troops in the town  but they were ""neither trained nor equipped"" to deal with inter-ethnic violence  Mr Eckhard said."
1,1617861,1617809,Shares of Coke were down 49 cents  or 1.1 percent  at $43.52 in early trading Friday on the New York Stock Exchange.,In late morning trading  Coke shares were down 2 cents at $43.99 on the New York Stock Exchange.
0,3063295,3063680,NASIRIYA  Iraq—Iraqi doctors who treated former prisoner of war Jessica Lynch have angrily dismissed claims made in her biography that she was raped by her Iraqi captors.,Former prisoner of war Pfc. Jessica Lynch is winning admiration in her hometown all over again for the courage to reveal she was raped by her Iraqi captors.
1,1398956,1398777,If people took the pill daily  they would lower their risk of heart attack by 88 percent and of stroke by 80 percent  the scientists claim.,Taking the pill would lower the risk of heart attack by 88 percent and of stroke by 80 percent  the scientists said.
1,1401946,1401697,Amgen shares gained 93 cents  or 1.45 percent  to $65.05 in afternoon trading on Nasdaq.,Shares of Allergan were up 14 cents at $78.40 in late trading on the New York Stock Exchange.
1,98645,98414,From the start  however  the United States' declared goal was not just to topple Saddam but to stabilize Iraq and install a friendly government.,But the United States' ultimate goal was not just to topple Mr. Hussein but to stabilize the country and install a friendly government.
1,3113657,3113590,Customers that pay the $1 219 entrance fee get SMS 2003 with 10 device client access licenses.,Retail pricing for SMS 2003 with 10 device client access licenses is $1 219.
0,2930352,2930380,It was the best advance since Oct. 1  when the index gained 22.25.,Standard & Poor's 500 index rose 15.66 to 1 046.79  its best advance since Oct. 1  when it gained 22.25.
1,1081112,1081199,MSN Messenger 6 will be available for download starting at 6 p.m. GMT on Wednesday from http://messenger.msn.com/download/v6preview.asp.,The MSN Messenger 6 software will be available from 11 a.m. PST on Wednesday  according to Microsoft.
0,1782395,1782413,If Shelley certifies enough are valid  the lieutenant governor must call an election within 60 to 80 days  setting the state into uncharted political waters.,If the Democrat certifies that there are enough valid signatures  the lieutenant governor must call an election within 60 to 80 days.
1,1246493,1246786,The most serious breach of royal security in recent years occurred in 1982 when 30-year-old Michael Fagan broke into the queen's bedroom at Buckingham Palace.,It was the most serious breach of royal security since 1982 when an intruder  Michael Fagan  found his way into the Queen's bedroom at Buckingham Palace.
0,41193,41211,Shares of LendingTree rose 22 cents to $14.69 and have risen 14 percent this year.,Shares of LendingTree rose $6.03  or 41 percent  to close at $20.72 on the Nasdaq stock market yesterday.
0,1433616,1433454,During a screaming match in 1999  Carolyn told John she was still sleeping with Bergin.,"She  in turn  occasionally told John that she was still sleeping with an ex-boyfriend  ""Baywatch"" hunk Michael Bergin."
0,878767,878534,NASA plans to follow-up the rovers' missions with additional orbiters and landers before launching a long-awaited sample-return flight.,NASA plans to explore the Red Planet with ever more sophisticated robotic orbiters and landers.
0,1479611,1479716,The broader Standard & Poor's 500 Index .SPX crept up 4.3 points  or 0.44 percent  to 980.52.,The technology-laced Nasdaq Composite Index .IXIC rose 17.33 points  or 1.07 percent  to 1 640.13.
0,44397,44620,Garner said the self-proclaimed mayor of Baghdad  Mohammed Mohsen al-Zubaidi  was released after two days in coalition custody.,Garner said self-proclaimed Baghdad mayor Mohammed Mohsen Zubaidi was released 48 hours after his detention in late April.
1,2359452,2359376,In a statement  Microsoft said the dividend is payable Nov. 7 to shareholders of record on Oct. 17.,The dividend  the company's second this calendar year  is payable on Nov. 7 to shareholders of record at the close of business Oct. 17.
1,203291,203344,She asked to be excused from last week's Cabinet session to prepare for a meeting with the presidents of Rwanda and Uganda.,She took the highly unusual step of skipping cabinet to attend a meeting with the presidents of Rwanda and Uganda.
0,2007119,2007087,"In a not-too-subtle swipe at Dean  he predicted Americans would not elect a Democrat ""who sounds an uncertain trumpet in these dangerous times.""","They will not elect as president a Democrat who sounds an uncertain trumpet in these dangerous times."""
1,2792884,2792738,The jury asked for transcripts of Quattrone's testimony about his role in the IPO allocation process.,The jury asked to have Mr. Quattrone's testimony about his role in the allocation of stock offerings read to them.
1,2375777,2375808,A neighbor said a duffel bag containing a woman's body was dug up  and the other body was encased in concrete.,A neighbor said a woman's body was dug up in a duffel bag  and the other was encased in concrete.
0,1363194,1362857,At least five class-action lawsuits have been filed  including one in Pennsylvania.,At least five class-action lawsuits have been filed on behalf of hormone users.
1,2815705,2815885,Southwest said it completed inspections of its entire fleet of 385 aircraft -- all 737s -- and found no additional items.,Southwest said it had already inspected its fleet of 385 aircraft and found no additional suspicious items.
0,1691429,1691605,Semiconductor giant Intel Corp. said yesterday that its second-quarter profits doubled from a year ago as stronger-than-expected demand for computer microprocessors offset the weakness of its communications chip business.,Intel Corp.'s second-quarter profits doubled and revenues grew 8 percent from a year ago as the chip-making giant reported stronger-than-expected demand for personal computer microprocessors.
1,396175,396035,The South Korean Agriculture and Forestry Ministry also said it would throw out or send back all Canadian beef currently in store.,The South Korean Agriculture and Forestry Ministry said it would scrap or return all Canadian beef in store.
0,2904808,2904964,By Sunday night  the fires had blackened 277 000 acres  hundreds of miles apart.,Major fires had burned 264 000 acres by early last night.
1,715320,715197,Clijsters was simply too complete and powerful for the Spanish veteran Conchita Martínez in her quarterfinal  winning  6-2  6-1.,Clijsters was simply too powerful for Spanish veteran Conchita Martinez  winning 6-2  6-1.
1,833153,833193,City Councilman Cedric Wilson said those killed were Cpl. James Crump  Officer Arnold Strickland and dispatcher Ace Mealer.,Fayette City Councilman Cedric Wilson identified the dead as Cpl. James Crump  Officer Arnold Strickland and dispatcher Ace Mealer.
0,2836872,2837029,But  to the dismay of Reaganites  there is no mention of the Reagan-era economic boom.,But there is no mention of the economic recovery or the creation of wealth during his administration.
1,1408377,1408706,The interview came a day after a report in the British press that he had been taken into custody.,The interview Thursday came a day after Britain's Daily Mirror reported Sahhaf had been taken into custody.
1,3073750,3073779,Lay had argued that handing over the documents would be a violation of his Fifth Amendment rights against self-incrimination.,Lay had refused to turn over the papers  asserting his Fifth Amendment right against self-incrimination.
1,3265736,3265630,Walker said he expects that the president's budget will include a request for three percent to five percent budget increases for NASA for each of the next five years.,Walker said he expects that the president’s budget will include a request for 3 to 5 percent budget increases for NASA for each of the next five years.
1,1819056,1819124,Shares in BA were down 1.5 percent at 168 pence by 1420 GMT  off a low of 164p  in a slightly stronger overall London market.,Shares in BA were down three percent at 165-1/4 pence by 0933 GMT  off a low of 164 pence  in a stronger market.
0,278163,278382,Amnesty International has said that over the past 20 years it has collected information about 17 000 disappearances in Iraq but the actual figure may be much higher.,Amnesty International said that over the past 20 years it had collected information about 17 000 disappearances in Iraq.
1,1510296,1510225,Both have said they are willing to take the slim chance of success for the opportunity to lead separate lives.,Twenty-nine-year-old Iranian sisters Ladan and Laleh Bijani are willing to accept the slim chance of success just for an opportunity to lead separate lives.
1,345963,345901,She had been critically ill after May 7 surgery to replace a heart valve.,She had been critically ill since having surgery at Baptist Hospital on May 7 to replace a heart valve.
0,820900,820927,The BlueCore3-Multimedia includes a 16-bit stereo audio CODEC with dual ADC and DAC for stereo audio.,BlueCore3-Multimedia contains an open platform DSP co-processor and also includes a 16-bit stereo audio codec with dual ADC and DAC for stereo audio.
1,881153,881309,Braker said Wednesday that police  as part of protocol  were talking with other children Cruz had access to.,"He told ""Today"" that authorities  as part of protocol  were talking with other children Cruz had had access to."
1,2224082,2223823,The state will consider the police memorial after planning a World Trade Center Memorial  said Micah Rasmussen  a spokesman for Gov. James E. McGreevey.,The state will consider the police memorial after planning is completed on another memorial to all the victims  said Micah Rasmussen  a spokesman for Gov. James E. McGreevey.
1,1630597,1630669,Stewart said the ring was most likely a work in progress  and that weak links such as being tied to a single server will be eliminated over time.,Mr. Stewart said the ring was most likely a work in progress  and that flaws  like being tied to a single server  would be eliminated over time.
1,2678860,2678895,It will also give Microsoft an opportunity to comment on remedies proposed by the Commission.,Among other things  Microsoft is to comment on proposed remedies in its response.
1,2482005,2481972,The State Court of Appeals did not explain the reason for keeping the lower court's unanimous opinion from July.,The State Court of Appeals did not explain its reasons for not disturbing the Appellate Division's unanimous opinion issued in July.
0,1438073,1438024,While the day's trading was lackluster  the Standard & Poor's 500 index was preparing to close out its best three-month period since the fourth quarter of 1998.,The Standard & Poor's 500 stock index ended the quarter up 120 points  a gain of 14 percent  the best performance for that broad market benchmark since 1998.
0,1703392,1703451,Powell recently changed the story  telling officers that Hoffa's body was buried at his former home  where the search was conducted Wednesday.,Powell changed the story earlier this year  telling officers that Hoffa's body was buried at his former home  where the aboveground pool now sits.
0,2526928,2526952,Another said its members would continue to call the more than 50 million phone numbers on the Federal Trade Commission's list.,Meantime  the Direct Marketing Association said its members should not call the nearly 51 million numbers on the list.
1,2759792,2759807,Stock futures were mixed in early Thursday trading  but trading below fair value  pointing to a lower open for the major market indexes.,Stock futures were trading lower early on Thursday  below fair value  pointing to a lower open.
0,191346,191536,Worldwide  7 183 SARS cases and 514 deaths have been reported in 30 countries.,Taiwan reported 22 new cases  for a total of 360 with 13 deaths.
1,1789073,1788780,SCO says the pricing terms for a license will not be announced for weeks.,Details on pricing will be announced within a few weeks  McBride said.
1,2216664,2216689,Further estimates show that it is the fourth most common cause of cancer in men and the eighth most common in women.,Bladder cancer is the fourth most common cancer in American men and the eighth in women.
0,3300416,3300721,The new bill would have Medicare cover 95 percent of drug costs over $5 100.,Above that  seniors would be responsible for 100 percent of drug costs until the out-of-pocket total reaches $3 600.
0,1479753,1479819,The technology-laced Nasdaq Composite Index <.IXIC> rose 17.33 points  or 1.07 percent  to 1 640.13.,The broader Standard & Poor's 500 Index <.SPX> gained 5.51 points  or 0.56 percent  to 981.73.
0,1183817,1183688,Both studies are published in the Journal of the American Medical Association.,The study appears in the latest issue of the Journal of the American Medical Association.
1,1730650,1730772,His Chevrolet Tahoe was found abandoned June 25 in a Virginia Beach  parking lot.,His sport utility vehicle was found June 25  abandoned without its license plates in Virginia Beach  Va.
1,1462786,1463120,Spitzer was among a group of federal and state regulators who negotiated a $1.4 billion settlement with 10 brokerage houses to settle investigations of analyst conflicts of interest.,Spitzer was among a group of federal and state regulators who negotiated a $1.4 billion settlement with 10 brokerages over analyst conflict-of-interest allegations.
1,1921865,1921879,Crohn's disease causes inflammation of the intestine and symptoms include diarrhea  pain  weight loss and tiredness.,Symptoms include chronic diarrhoea  abdominal pain  weight loss and extreme tiredness.
0,2276459,2276361,He and his colleagues attributed some of the communication gap to doctors feeling pressed for time.,He attributed some of the communication gap to doctors feeling pressed for time  patients cited discomfort discussing financial issues.
0,1926146,1926126,The three men have pleaded not guilty and their lawyers have asked the High Court to dismiss the charges  saying the state has failed to present a solid case.,Defense lawyers asked the High Court to dismiss the charges  saying the state has failed to present a solid case.
0,1793425,1793488,A Florida grand jury investigating pharmaceutical wholesalers indicted 19 people on charges of peddling bogus or diluted medications often prescribed for cancer and AIDS patients  authorities said yesterday.,A Florida grand jury indicted 19 people for contaminating and diluting prescription drugs desperately needed by AIDS and cancer patients in a multimillion-dollar scheme  prosecutors said Monday.
1,2195721,2195937,The Bush administration's hope is that by increasing the efficiency of older power plants -- especially coal -- more power can be produced more cheaply.,The administration's hope is that by increasing the efficiency of older coal-fired plants - the most affected segment - more power can be produced more cheaply.
0,969671,969584,The Dow Jones industrial average .DJI was off 58.69 points  or 0.64 percent  at 9 137.86.,The blue-chip Dow Jones industrial average .DJI fell 86.56 points  or 0.94 percent  to 9 109.99  after giving up more than 1 percent earlier.
0,746177,746211,The tech-laced Nasdaq Composite Index .IXIC eased 5.16 points  or 0.32 percent  at 1 590.75  breaking a six-day string of gains.,The tech-heavy Nasdaq Composite Index .IXIC was off 0.11 percent  or 1.78 points  at 1 594.13.
1,2011656,2011796,His chief lawyer  Mahendradatta  said Bashir was mentally prepared for a heavy sentencing demand and felt the Marriott bombing would affect the decision.,A lawyer for Bashir  Mahendradatta  said earlier his client was mentally prepared for a heavy sentencing demand and had felt the Marriott bombing would affect the decision.
1,2384647,2384724,This comes at a time when Alba is expanding its aluminium output by 307 000 tonnes a year and is accelerating plans for another 307 000 tonnes-a-year increase.,That comes as Alba is lifting its aluminium output by 307 000 tonnes a year and accelerating plans for another 307 000 tonnes-a-year increase.
0,3447348,3447301,The new Mobile AMD Athlon 64 processors are numbered 3200+  3000+ and 2800+.,The Mobile 3200+  3000+ and 2800+ cost $293  $233 and $193 for a thousand units.
1,3334681,3334887,The main psychologist  Dwight Close  referred questions to an agency spokeswoman  who said she wouldn't comment on personnel issues.,The main psychologist in the Rodriguez case  Dwight Close  referred questions to an agency spokeswoman  who didn't immediately return a call.
0,969380,969673,The broader Standard & Poor's 500 Index <.SPX> gave up 11.91 points  or 1.19 percent  at 986.60.,The technology-laced Nasdaq Composite Index .IXIC declined 16.68 points  or 1.01 percent  at 1 636.94.
1,1571035,1571099,The survey also found that executives who feel that current economic conditions have improved rose to 35 per cent from 15 per cent last quarter.,The survey also found that more executives feel that current economic conditions have improved  at 35 per cent compared to 15 per cent in the first quarter.
1,607096,607222,Taiwan has attempted to gain observer status to the United Nations-affiliated WHO for seven years  but again was rebuffed March 19 at its annual conference in Geneva.,It has sought observer status for seven years  but was again rebuffed May 19 at the annual WHO conference in Geneva.
0,1669277,1669222,Klarman was arrested by FBI agents in the Hamptons  an exclusive summer resort enclave east of New York City.,Klarman was arrested by FBI agents Monday morning at his home in New York.
1,3125018,3124927,Chi-Chi's has agreed to keep the restaurant closed until Jan. 2 _ two months after it voluntarily closed following initial reports of the disease.,Chi-Chi's has agreed to keep the restaurant closed until Jan. 2 -- two months after it voluntarily closed when the disease was first reported.
1,2025802,2025681,Four versions of Windows operating systems are targeted: Windows NT  Windows 2000  Windows XP and Windows Server 2003.,The new worm affects these Windows systems: 2000  XP  NT 4.0 and Server 2003.
1,2357216,2357196,It calls for the agency to plan an independent safety and engineering organization.,The agency has yet to fully formulate a strategy for the creation of an independent engineering technical authority.
1,3190817,3190834,No official ceremony was planned to mark the anniversary in Dallas.,In Dallas  no official ceremony marked the anniversary.
0,616279,616223,Caldera acquired the Unix server software of the original SCO and changed its name to the SCO Group.,SCO changed its name to Tarantella  and Caldera later changed its name to the SCO Group.
1,1653584,1653844,The victims were last seen at church last Sunday  their bodies were discovered Tuesday.,The family was last seen July 6 and their bodies were found Tuesday.
0,2488322,2488374,Results of the 2001 Aboriginal Peoples Survey released yesterday by Statistics Canada suggest living standards have improved but still lag for those off reserves.,The 2001 Aboriginal Peoples Survey released Wednesday by Statistics Canada says living standards have improved but still lag for the Inuit and those who leave their often impoverished reserves.
1,1809432,1809422,Software developers use compilers to translate programming languages such as C++ into the language that can be read by a particular processor.,Software developers use compilers to translate a programming language  such as C++  into the machine language understood by the processor.
0,1296641,1296436,In Albany  for example  24 percent of students passed  in South Colonie  14 percent.,In Kingston  only about 15 percent of students who took the exam passed it.
0,460136,460201,Tennessee Titans quarterback Steve McNair apologized Thursday for his arrest hours earlier in Nashville on suspicion of drunken driving and illegal possession of a handgun.,Tennessee Titans quarterback Steve McNair was arrested Thursday and charged with drunken driving and possession of a handgun.
1,826466,826607,"That second dossier  passed to journalists during Mr Blair's trip to Washington  said it drew on ""a number of sources  including intelligence material"".","That second dossier  passed to journalists on Mr Blair's trip to Washington to discuss war plans  said it drew upon ""a number of sources  including intelligence material""."
0,763636,763618,The other semifinal between Guillermo Coria of Argentina and Martin Verkerk of the Netherlands is also compelling.,The other  much less likely semifinal will match seventh-seeded Guillermo Coria of Argentina against the unseeded Dutchman Martin Verkerk.
1,2876861,2876951,Wal-Mart estimates more than 100 million Americans visit their stores every week.,Each week 138 million shoppers visit Wal-Mart's 4 750 stores.
1,3372291,3372332,For the 12-month period ending June 30  high-speed lines installed in homes and businesses increased by 45 percent.,For the full year period ending June 30  2003  high-speed lines increased by 45 percent.
0,1687490,1687430,Sen. John Kerry  Massachusetts Democrat  came in second place for the quarter with $5.8 million.,As expected  Dean led the field in the second quarter with $7.6 million raised.
1,1369754,1369906,While some other parts of Africa have been used as staging grounds for the terror group  Malawi previously had not been a major focus of investigations into al-Qaida.,While some other parts of Africa have been used as Al Qaeda staging grounds  Malawi had previously not been a major focus of investigations into the group.
1,881734,882010,Police said yesterday they believe Mr. Cruz knew of the girl through one of her former schoolmates  though neither the girl nor her family knew him.,Police said on Monday they believed Cruz knew of the fourth-grade girl through one of her former schoolmates  although neither the girl nor her family knew him.
1,1413741,1413711,The Prime Minister  Junichiro Koizumi  joined the criticism.,Prime Minister Junichiro Koizumi said Mr Ota deserved to be criticised.
1,3159653,3159764,There is one drug on the market for macular degeneration  Visudyne  and it is approved for the treatment of only one subtype that represents a minority of cases.,There is only one drug on the market for macular degeneration  and it is approved to treat only one subtype that represents a minority of cases.
0,3411418,3411820,"Speaking for the first time since being charged with child molestation  Jackson added  ""Why not?",Michael Jackson spoke out for the first time Sunday night since the latest accusations of child molestation.
1,1784474,1784513,The bureau also failed to pursue other leads  including a local imam who dealt with several key 9-11 figures.,The FBI also failed to pursue other leads  including a San Diego imam who dealt with several 9/11 figures  it adds.
1,1090499,1090289,Zilkha and other shareholders  including Coastal founder Oscar Wyatt Jr.  had called for Wise's firing for months.,Zilkha and other shareholders  including Coastal Corp. founder and vocal El Paso critic Oscar Wyatt Jr.  had called for Wise's termination for months.
1,2228840,2228717,The last time the survey was conducted  in 1995  those numbers matched.,In 1995  the last survey  those numbers were equal.
1,2132227,2132275,Cooper  the boy's mother  started coming to the church about three months ago after she met a parishioner at a doctor's office  Hemphill said.,The boy's mother  Patricia Cooper  started coming to the church about three months ago after she met one of its members at a doctor's office  Hemphill said.
1,390511,390658,To win final United States approval  the treaty would have to be signed by President Bush and ratified by Congress.,The treaty must be signed by the president and ratified by Congress to take effect.
1,2222267,2222353,The deal with the Carmel-based insurer is expected to close shortly  said Macklowe spokesman Howard J. Rubenstein.,Macklowe has signed a sale contract  which is expected to close shortly  said his spokesman  Howard Rubenstein.
1,3085916,3085789,Intelligence officials in Washington warned lawmakers a week ago to expect a terrorist attack in Saudi Arabia  it was reported today.,Intelligence officials told key senators a week ago to expect a terrorist attack in Saudi Arabia  Sen. Pat Roberts (R-Kan.) said yesterday.
1,1907709,1907769,Plofsky said the commission won't investigate because the three-year statute of limitations has expired.,The panel will not begin a formal investigation because the statute of limitations has expired  Plofsky said.
0,1675037,1675047,Yes  from today Flash memory purchased from AMD or Fujitsu will be branded Spansion.,Spansion Flash memory solutions are available worldwide from AMD and Fujitsu.
0,121931,122054,Her amendment would have changed the bill by keeping with current Texas law  which gives school districts the option to hold a moment of silence and recite the pledge.,The legislation would replace the current Texas law  which gives school districts the option of holding a period of silence and reciting the pledge.
0,3168654,3168714,"Talabani told him the Governing Council would ""need UN assistance and advice in implementing the new decisions which have been taken.""","Talabani told him Iraqi leaders would ""need U.N. assistance and advice in implementing the new decisions which have been taken"" on organising an interim Iraqi government by June."
0,3052789,3052812,By state law  911 calls are not public information and were not released.,By law  911 calls are not public information in Rhode Island.
1,2536332,2536313,Under the Government Network Security Act of 2003  federal agencies would have six months to develop and implement P2P security plans.,If enacted  federal agencies would have six months to develop and implement these plans.
1,1707805,1707851,Sales as measured by volume  a key gauge of financial health in the beverage sector  grew 5 percent in the quarter.,Coke's unit case volume  a key measure of financial health in the beverage sector  grew 5 percent in the quarter.
1,2980398,2980147,"Gainer said the two staff aides are ""very sorry this all happened "" and the security personnel had performed ""well within standards.""",The security personnel performed ``well within standards'' and the two staff aides were ``very sorry all this happened '' Gainer said.
0,554867,554875,Two kids from Michigan are in today's third round.,Both will compete in today's third round  which is all oral examination.
1,1134101,1133958,He will leave Hollesley Bay open prison at Woodbridge  Suffolk  on Monday  July 21.,Lord Archer is likely to be released from Hollesley Bay open prison at Woodbridge  Suffolk  on July 21.
0,2472857,2472830,The helicopter burst into flames upon impact  according to the Mohave County Sheriff's Office.,The helicopter was owned by Las Vegas-based Sundance Helicopters Inc.  according to the sheriff's office.
0,2546948,2547079,Pennsylvania  which has the most aggressive treatment program  is treating 548 of 8 030 inmates.,Texas  which has more than three times Michigan's inmate population  is treating 328 of its 16 298 infected inmates.
1,781404,781423,Named in the complaint were former chief executive officers Paul A. Allaire and G. Richard Thoman and former CFO Barry D. Romeril.,The executives fined included former Chief Executives Paul A. Allaire and G. Richard Thoman as well as former Chief Financial Officer Barry Romeril.
1,2906103,2906321,Both were charged with four counts of aggravated assault and 14 counts of endangering the welfare of children.,The Jacksons each were charged with four counts of aggravated assault and 14 counts of child endangerment.
0,510887,510855,The final round of the bee will be broadcast on ESPN at 1 p.m. Thursday.,At least 80 will make it to Thursday's final rounds of competition  which will be broadcast on ESPN.
1,2484349,2484160,At Tuesday's arraignment hearing  Marsh pleaded not guilty to 122 counts of burial service fraud and 47 counts of making false statements.,At the hearing he pleaded not guilty to the burial service fraud and false statements charges.
1,1501925,1502094,To put it very simply  Antetonitrus is Brontosaurus's older brother  hence the name.,Antetonitrus was brontosaurus' older brother  hence the name.
1,813244,813532,But church members and observers say they expect that the decision could be problematic for many Episcopalians.,But church members and observers say they anticipate that the decision here could pose doctrinal problems for some Episcopalians who believe the Bible prohibits homosexuality.
1,2749311,2749444,Bush already is halfway to his goal of raising $150 million to $170 million for next year's primaries.,He is roughly halfway to his goal of raising between $150 million and $170 million in the primaries.
1,54823,55177,The April 19  1995  bombing of the Alfred P. Murrah Federal Building came on the second anniversary of the fiery end of the Branch Davidian siege in Waco  Texas.,The April 19  1995  bombing came on the second anniversary of the end of the Branch Davidian siege in Waco  Texas.
0,392771,392701,The year-ago comparisons were restated to include Compaq results.,The year-ago numbers do not include figures from Compaq Computer.
1,1987428,1987385,"Investment bank Merrill Lynch raised its investment rating on the business software maker Oracle to ""buy"" from ""neutral"" with a 12-month price target of $15.","Merrill Lynch upgraded the business software maker to ""buy"" from ""neutral"" with a 12-month price target of $15."
1,711871,711923,"The report confirmed the ACLU's view that the civil liberties and rights of immigrants ""were trampled in the aftermath of 9/11 "" said Romero.","The inspector general's findings confirm our long-held view that civil liberties and the rights of immigrants were trampled in the aftermath of 9/11."""
1,1443641,1443672,The report also claims that there will be up to 9.3 million visitors to hot spots this year  up again from the meagre 2.5 million in 2002.,There will be 9.3 million visitors to hot spots in 2003  up from 2.5 million in 2002  Gartner said.
1,2221841,2221884,United is working closely with the Air Transportation Stabilization Board to replace the aspects of its loan guarantee bid that were rejected as inadequate in December.,United is working closely with the ATSB to replace those aspects of the company's original loan guarantee bid that were rejected as inadequate in December.
1,2830817,2830766,The moves came within four days of the crash and before the National Transportation Safety Board finished investigating.,The promises of lawsuits came within four days of the crash and before the National Transportation Safety Board had finished the investigation.
0,134455,134545,On Tuesday  the central bank left interest rates steady  as expected  but also declared that overall risks were weighted toward weakness and warned of deflation risks.,The central bank's policy board left rates steady for now  as widely expected  but surprised the market by declaring that overall risks were weighted toward weakness.
1,2060262,2060225,The Standard & Poor's 500 index advanced 6.48  or 0.7 per cent  to 990.51.,The broader Standard & Poor's 500 Index .SPX rose 6.48 points  or 0.66 percent  to 990.51.
1,3185726,3185754,They also found shortness was associated with a family history of hearing loss.,Shortness was found twice as often in those with hearing loss.
0,2378827,2378888,He said the FDA was hoping Congress and the courts would bring clarity to the situation and some financial relief to consumers.,He said FDA hopes Congress and the courts will bring clarity to the situation and some financial relief to consumers — perhaps before the 2004 elections.
1,2893299,2893356,On Friday  the Concorde started up around sunrise and seemed to launch itself straight out of the rising sun.,Yesterday  the Concorde seemed to launch itself straight out of the rising sun.
0,2080922,2080979,Navistar shares were down 44 cents  or 1.1 percent  at $41.19 on the New York Stock Exchange after falling as low as $39.93.,Navistar shares rose a penny to $41.64 at late afternoon on the New York Stock Exchange after earlier falling as low as $39.93.
1,3251501,3251262,Squyres is principal investigator for the Athena payload - a collection of science instruments carted by each rover.,Steve Squyres  a Cornell University scientist  is principal investigator for the missions' science instruments.
1,2636300,2636438,The appeals court judges were in sharp disagreement over what should be done when they ruled in February.,The appellate judges were in sharp disagreement when they ruled in February.
0,226395,226669,Bremer  61  is a onetime assistant to former Secretaries of State William P. Rogers and Henry Kissinger and was ambassador-at-large for counterterrorism from 1986 to 1989.,Bremer  61  is a former assistant to former Secretaries of State William P. Rogers and Henry Kissinger.
1,488404,488310,Another is investor disenchantment with US investments  leading them to pull out of US assets - selling dollars as they do so and driving the dollar exchange rate down.,Another is investor disenchantment with U.S. investments  leading them to pull out of U.S. assets--selling dollars as they do so  and driving its exchange rate down.
0,1617617,1617714,Mr Morse is charged with assault and Mr Darvish is charged with filing a false report.,His partner Bijan Darvish is charged with filing a false police report.
0,490221,490032,The best-performing stock was Altria Group Inc.  which rose more than 27 percent to close at $42.31 a share.,Altria Group Inc. MO.N fell 50 cents  or 1.2 percent  to $41.81.
1,1953409,1953285,Texans saddled with skyrocketing homeowners premiums might finally be getting relief.,Relief is in sight for Texans saddled with skyrocketing homeowners insurance premiums.
0,869241,869208,The tech-laced Nasdaq Composite Index gained 2.90 points  or 0.18 percent  to 1 606.87.,At 12:10 p.m. EDT  Canada's benchmark S&P/TSX composite index was up 6.87 points or 0.1 per cent to 6 979.29.
0,633875,633744,The tech-heavy Nasdaq composite index shot up 5.7 percent for the week.,The Nasdaq composite index advanced 20.59  or 1.3 percent  to 1 616.50  after gaining 5.7 percent last week.
0,3190211,3190134,Lowe's  with about half as many stores  reported a 33 percent increase in third-quarter profit behind a 12 percent jump in same-store sales.,Home Depot reported a 22 percent jump in third-quarter profit behind a nearly 8 percent rise in same-store sales.
1,1643243,1643049,Blair's government included the charge that Saddam sought uranium from Niger in a September 2002 dossier setting out the case for military action.,Britain included the accusation in a September 2002 dossier setting out the case for war in Iraq.
0,3058482,3058386,Part of the accord was the implementation of a special health council that would monitor health spending and progress in reforming the health system.,A key portion of the accord was the implementation of a special council to monitor health spending  set goals for the system and measure progress in reforming health care.
1,3384269,3383800,Delta personnel at Atlanta's Hartsfield-Jackson International Airport scrambled all day to find alternate flights including seats on other airlines for passengers.,Delta personnel at Hartsfield-Jackson International Airport were scrambling all day to find alternate flights -- even on other airlines  when necessary -- to move the inconvenienced passengers.
1,713992,713965,Three undocumented immigrants were found dead inside a railroad hopper car Tuesday  two days after fellow immigrants escaped the sweltering car and left behind their weakened companions.,The remains of three illegal immigrants were found Tuesday in a sweltering railroad car after fellow immigrants escaped and left their weakened companions behind.
1,2425362,2425341,A company spokeswoman declined to say how much Qwest receives in annual revenue from government contracts.,A Qwest spokeswoman  Kate Varden  declined to say how much in sales the company received from the United States government.
1,1201425,1201329,For the week ended June 15  a total of 28.2 million DVDs were rented in the United States  compared with 27.3 million VHS cassettes.,The Video Software Dealers Association said 28.2 million DVDs were rented out last week  compared to 27.3 million VHS cassettes.
0,222535,222564,Genentech Inc.  the world's second-biggest biotechnology company  and Xoma Ltd. said their Rapitva drug failed to help patients with rheumatoid arthritis in a study.,Genentech Inc.  the world's second-largest biotechnology company  and Xoma Ltd. said they will terminate Phase II testing of their Raptiva rheumatoid-arthritis drug after finding no benefit for patients.
0,1039162,1038840,PeopleSoft will commit $863 million in cash and issue 52.6 million new shares  the companies said.,The new deal would be valued at $1.75 billion  including $863 million in cash and 52.6 million PeopleSoft shares.
1,1151084,1151062,Federal prosecutors  the Securities and Exchange Commission  and the mortgage company's regulator launched investigations into Freddie Mac's shake-up.,The Securities and Exchange Commission and the U.S. Attorney have opened investigations into Freddie Mac over its accounting practices.
1,2885844,2885779,Forecasters predict the storm will reach Earth at 3 p.m. eastern time Friday and could last up to 18 hours.,It is expected to reach Earth about 3 p.m. EDT Friday  and its effects could last 12 to 18 hours.
1,3014157,3014190,Yet another big fight has been over a White House proposal to privatize air-traffic control at major airports.,Yet another fight has been waged over a White House proposal to privatize air traffic control at major airports  such as those in Pittsburgh and Philadelphia.
0,787889,788223,The initial report was made to Modesto Police December 28.,It stems from a Modesto police report.
0,867716,867754,Officers threw him to the ground and handcuffed him  and Reyna dropped a knee into his back  according to testimony.,That's when officers threw him to the ground and handcuffed him  according to testimony.
1,618359,617945,Buoyed by some of the advice imparted by Nicklaus  Howell shot an 8-under 64 for a one-stroke lead over Kenny Perry.,Buoyed by advice imparted by Nicklaus  Howell shot an 8-under 64 on Thursday to enter today's round with a one-stroke lead over Kenny Perry.
1,126662,126748,Jack Ferry  company spokesman  said a search is ongoing but would not comment on the status.,Company spokesman Jack Ferry said a search is ongoing but declined comment on its status.
1,1908352,1908458,After a seven-day trial last year  Thompson found the monument to be an unconstitutional endorsement of religion by the state.,Last year  Thompson ruled that the monument was an unconstitutional endorsement of religion by the state.
0,1785196,1785461,They reported symptoms of fever  headache  rash and muscle aches.,Symptoms include a stiff neck  fever  headache and sensitivity to light.
0,2173826,2173501,Today  he will find out whether he is still in the running to buy back the U.S. entertainment business of troubled Vivendi Universal SA.,An investment group led by former Seagram Inc. boss Edgar Bronfman Jr. is still in the running to buy the U.S. entertainment assets of Vivendi Universal SA.
1,2375776,2375807,The victims were not identified  although authorities said at least one of the bodies had been there about a year.,The two victims buried in the yard were not identified  though authorities said at least one has been there about a year.
1,269089,268884,"Ahold Chairman Henny de Ruiter offered shareholders at the meeting his ""sincere apologies"" for the scandal.","Board Chairman Henny de Ruiter offered shareholders at the meeting his ""sincere apologies"" for events at Foodservice and elsewhere in the embattled group."
1,2537987,2538021,Retailers J.C. Penney Co. Inc.JCP.N and Walgreen Co.WAG.N kick things off early in the week.,Retailers J.C. Penney Co. Inc. JCP.N and Walgreen Co. WAG.N kick things off on Monday.
1,2980690,2980538,Defense lawyers had objected in pretrial hearings to the videotape and the photo  saying they were too unclear to identify Muhammad.,Defense lawyers had objected in earlier hearings to showing the videotape and the photo  saying they were too unclear to identify the person in them.
0,130265,129786,The Nasdaq Composite Index rose 19.67  or 1.3 percent  to 1523.71  its highest since June 18.,The S&P 500 had climbed 16 percent since its March low and yesterday closed at its highest since Dec. 2.
1,261718,261828,"The American decision provoked an angry reaction from the European Commission  which described the move as ""legally unwarranted  economically unfounded and politically unhelpful"".","The European Commission  the EU's powerful executive body  described the move as ""legally unwarranted  economically unfounded and politically unhelpful."""
1,2776609,2776659,The petition alleges that Huletts unfair sales have damaged the U.S. industry  sending market prices below sustainable levels.,Those unfair sales have damaged the US industry by eroding market prices below sustainable levels  says Alcoa.
1,261957,261729,Australia Chile  Colombia  El Salvador  Honduras  Mexico  New Zealand  Peru and Uruguay will also support the challenge.,Nine other countries  including Australia  Chile  Colombia  El Salvador and Mexico  are supporting the case.
1,925534,925489,Gateway will release new Profile 4 systems with the new Intel technology on Wednesday.,Gateway's all-in-one PC  the Profile 4  also now features the new Intel technology.
1,1478533,1478601,"The government and private technology experts warned Wednesday that hackers plan to attack thousands of Web sites on Sunday in a loosely coordinated ""contest"" that could disrupt Internet traffic.","THE US government and private technology experts have warned that hackers plan to attack thousands of websites on Sunday in a loosely co-ordinated ""contest"" that could disrupt Internet traffic."
1,725698,725404,Mrs. Clinton said she was incredulous that he would endanger their marriage and family.,She hadn't believed he would jeopardize their marriage and family.
0,2484347,2484159,Ray Brent Marsh  29  faces multiple counts of burial service fraud  making false statements  abuse of a dead body and theft.,Ray Brent Marsh  29  also faces charges of abuse of a body  and theft.
0,1607342,1607469,Schroeder cancelled his Italian holiday after Stefani refused to apologise for the slurs  which came after Berlusconi compared a German politician to a Nazi concentration camp guard.,Stefani's remarks further stoked tension after Italian Prime Minister Silvio Berlusconi last week compared a German member of the European Parliament to a Nazi concentration camp guard.
1,243700,243946,Tony winners will be announced June 8 at the Radio City Music Hall in New York.,Winners will be announced in a June 8 ceremony broadcast on CBS from Radio City Music Hall.
1,1240372,1240326,"Revenues for ""The Hulk"" came in well below those of last month's Marvel Comics adaptation  ""X2: X-Men United "" which grossed $85.6 million in its opening weekend.",The Hulk trailed last month's Marvel Comics adaptation  X2: X-Men United  which grossed $85.6-million in its opening weekend.
1,1983012,1983180,Tony-award winning dancer and actor Gregory Hines died of cancer Saturday in Los Angeles.,Hines died yesterday in Los Angeles of cancer  publicist Allen Eichorn said.
1,1088209,1088238,In April  it had forecast operating earnings in the range of 60 to 80 cents a share.,Kodak expects earnings of 5 cents to 25 cents a share in the quarter.
1,1703443,1703477,Hampton Township is a few miles northeast of Bay City  about 100 miles away.,Hampton Township is located a few kilometers northeast of Bay City  near Michigan's Thumb.
1,941626,941679,And his justification for the bombing was that while it caused short-term material damage  it was for the long-term moral good of Bali.,And he justified bombing Bali by saying that while it had caused material devastation  it was for the island's long-term moral good.
1,3085927,3085530,It indicates  Robert said  “that terrorists really don’t care who they attack.,It also indicates the terrorists really don't care who they attack.
1,2746528,2746712,The Supreme Court long ago held that students could not be compelled to join in the pledge.,The U.S. Supreme Court has previously ruled that students are not compelled to say the Pledge of Allegiance.
0,1140029,1140085,"Kids  adults  booksellers and postal workers all are preparing for ""Harry Potter and the Order of the Phoenix.""","The crates are full of hardback copies of ""Harry Potter and the Order of the Phoenix."""
0,1787122,1787292,Colgate shares closed Monday at $56.30 on the New York Stock Exchange.,Colgate shares were down 30 cents at $56 in morning trade on the New York Stock Exchange.
1,3450953,3450981,Iraq's nuclear program had been dismantled and there was no convincing evidence it was being revived  the report said.,"Iraq's nuclear program had been dismantled  and there ""was no convincing evidence of its reconstitution."""
1,2902707,2902760,Cadbury Schweppes plc plans to cut 5500 jobs and shut factories after a 4.9 billion ($A11.9 billion) acquisition spree over the past three years inflated costs.,Cadbury Schweppes has unveiled plans to slash 5 500 jobs and 20 percent of its factories over four years to cut costs brought about by an acquisition spree.
1,1813375,1813388,These foods have an almost identical effect on lowering cholesterol as the original cholesterol-lowering drugs.,We have now proven that these foods have an almost identical effect on lowering cholesterol as the original cholesterol-reducing drugs.
1,3119302,3119544,"State Supreme Court Justice Ira Gammerman said in court this morning  ""It was an ill-conceived lawsuit.""","New York Supreme Court Justice Ira Gammerman said in his statement that the lawsuit was ""ill-conceived."""
1,981815,981922,The former president also gave numerous speeches in 2002 without compensation  said his spokesman Jim Kennedy.,His spokesman Jim Kennedy said the former president also gave more than 70 speeches in 2002 without compensation.
1,1496052,1496255,Mayor Joe T. Parker said late Thursday that the three workers were two men and a woman who were inside the building when the first blast occurred.,The missing workers  two men and a woman  were inside the building when the first blast occurred  Mayor Joe T. Parker said.
0,572164,571428,Kaichen appeared Wednesday in federal court on two bank robbery charges.,She appeared in federal court Wednesday  but did not enter a plea.
0,2713980,2713709,The monkeys could track their progress by watching a schematic representation of the arm and its motions on a video screen.,The arm was kept in a separate room  but the monkeys could track their progress by watching a representation of the arm and its motions on a video screen.
0,959616,959471,As a result  24 players broke par in the first round.,Twenty-four players broke par in the first round  the third highest figure in U.S. Open history.
1,1912529,1912650,Magner  who is 54 and known as Marge  has been the consumer group's chief operating officer since April 2002  and sits on Citigroup's management committee.,She has been the consumer unit's chief operating officer since April 2002  and sits on Citigroup's management committee.
0,633744,633768,The Nasdaq composite index advanced 20.59  or 1.3 percent  to 1 616.50  after gaining 5.7 percent last week.,The technology-laced Nasdaq Composite Index <.IXIC> climbed 19.11 points  or 1.2 percent  to 1 615.02.
1,3313165,3313141,Closed sessions are routinely held at the United Nations tribunal that deals with Balkan war crimes  but usually to protect witnesses's safety.,Closed sessions are routinely held at the U.N. tribunal that deals with Balkan war crimes  but they are usually closed to protect witnesses who fear for their safety.
1,2122040,2121820,"Although it's unclear whether Sobig was to blame  The New York Times also asked employees at its headquarters yesterday to shut down their computers because of ""system difficulties.""","The New York Times asked employees at its headquarters to shut down their computers yesterday because of ""computing system difficulties."""
1,3385867,3385835,The incubation period in cattle is four to five years  said Stephen Sundlof of the U.S. Food and Drug Administration.,The incubation period in cattle is four to five years  said Dr. Stephen Sundlof of the Food and Drug Administration (news - web sites).
1,1657140,1657002,His band in the early 1930's included the pianist Teddy Wilson  the saxophonist Chu Berry  the trombonist J. C. Higginbotham and the drummer Sid Catlett.,His band in the early 1930s included pianist Teddy Wilson  saxophonist Chu Berry  trombonist J.C. Higginbotham and drummer Sid Catlett.
1,318215,318353,"We feel so strongly about this issue that we are suspending sales and distribution of SCOLinux until these issues are resolved "" Sontag said.","We feel so strongly about this issue that we are suspending sales and distribution of SCO Linux until these issues are resolved."""
1,2473394,2473357,Aiken's study appears in the Sept. 24 issue of the Journal of the American Medical Association.,The findings appear in Wednesday's Journal of the American Medical Association.
1,1258288,1258190,Slightly more than half of the profit shortfall results from a sales slump  with weakness spread across the company's various geographic and end markets.,Slightly more than half of the earnings miss was due to a sales slump  with weakness was spread across the company's various geographic and end markets.
1,742244,742119,Iran has yet to sign an additional protocol to the NPT treaty which would allow U.N. inspections at short notice.,Iran has yet to sign an additional protocol to the Nuclear Non-Proliferation Treaty  which it signed in 1970  that would allow IAEA inspections at short notice.
1,3085148,3085019,"They came despite what BA called a ""difficult quarter""  which it said included unofficial industrial action at Heathrow.",BA said the second quarter  which included unofficial industrial action at Heathrow  had been difficult.
1,432116,432164,In addition  the Justice Department said that the FBI has conducted ''fewer than 10'' investigations involving visits to mosques.,"In addition  ""fewer than 10"" FBI offices have conducted investigations involving visits to Islamic mosques  the Justice Department said."
0,539350,539637,He refused to reveal what percentage of flights carried sky marshals  or whether they would be increased.,He refused to say what percentage of domestic flights had security officers on board.
0,2160920,2161366,"Dean told reporters traveling on his 10-city ""Sleepless Summer"" tour that he considered campaigning in Texas a challenge.","Today  Dean ends his four-day  10-city ""Sleepless Summer"" tour in Chicago and New York."
0,2442948,2442826,The victim  whose name was not released  underwent surgery at the hospital.,The wounded doctor  whose name was withheld  underwent surgery at the hospital for three gunshot wounds.
1,1518074,1518108,Those conversations had not taken place as of Tuesday night  according to an Oracle spokeswoman.,Those talks have not taken place  according to an Oracle spokeswoman.
1,1284177,1284077,Other features include FileVault  which secures the contents of a home directory with 128-bit AES encryption on the fly.,A new feature dubbed FileVault  also new in Panther  secures the contents of a user's home directory with 128-bit AES encryption.
1,1591389,1591595,An arrest warrant claimed Bryant assaulted the woman June 30 at a hotel.,According to an arrest warrant  Bryant  24  attacked a woman on June 30.
1,600786,600523,Investigators uncovered a 4-inch bone fragment from beneath the concrete slab Thursday  but it turned out to be an animal bone  authorities said.,Investigators uncovered a 4-inch bone fragment Thursday night  but authorities said it was from an animal.
1,1245561,1245666,After Saddam's regime crumbled in early April  it had to wait for legal hurdles to be crossed before sales could resume.,After Saddam's regime crumbled in early April  legal hurdles had to be cleared before sales could resume.
1,2734483,2734397,The number of extremely obese adults -- those who are at least 100 pounds overweight -- has quadrupled since the 1980s to about 4 million.,The number of Americans considered extremely obese  or at least 100 pounds overweight  has quadrupled since the 1980s to a startling 4 million  the research shows.
1,3289732,3289629,The research firm earlier had forecast an increase of 4.9 percent.,The firm had predicted earlier this year a 4.9 percent increase.
1,3306149,3306053,Investigators used a jackhammer and hand tools to conduct the search but halted work for several hours while waiting for the anthropologist to arrive from Indianapolis.,Investigators used a jackhammer and hand tools to conduct the search but halted it until an anthropologist arrived in the northwestern Indiana city from Indianapolis.
0,1318034,1318119,Stripping out the extraordinary items  fourth-quarter earnings were 64 cents a share compared to 25 cents a share in the prior year.,Earnings were 59 cents a share for the three months ended May 25 compared with 15 cents a share a year earlier.
1,3354775,3354759,The company will be able to start recording profits from HPS immediately  Perot Systems spokeswoman Mindy Brown said.,The company will begin adding to Perot Systems' profits immediately  the company said.
1,1111786,1111709,White House officials also deleted a reference to a 1999 study showing that global temperatures had risen sharply in the previous decade compared with the last 1 000 years.,The revised draft removed a reference to a 1999 study showing global temperatures had risen sharply in the past decade compared to the previous 1 000 years.
1,806505,806865,The leading actress nod went to energetic newcomer Marissa Jaret Winokur as Edna's daughter Tracy.,Marissa Jaret Winokur  as Tracy  won for best actress in a musical.
1,1479862,1479870,In January 2000  notebooks represented less than 25 percent of sales volume.,That compares with January 2000  when laptops represented less than 25 percent of sales volume  NPD said.
1,2071990,2072141,Federal and local officials  including Bush  saw no apparent sign of terrorism.,Federal officials earlier said there is no evidence of terrorism.
1,1970415,1970732,U.N. inspectors later said the documents were old and irrelevant -- some administrative material  some from a failed and well-known uranium-enrichment program of the 1980s.,They said some of the documents were administrative paper work and some about a failed and well-known uranium-enrichment program of the 1980s.
1,2928566,2928606,Griffith  a Mount Airy native  now lives on the North Carolina coast in Manteo.,Griffith  77  grew up in Mount Airy and now lives in Manteo.
0,1239932,1239812,A divided Supreme Court ruled Monday that Congress can force the nation's public libraries to equip computers with anti-pornography filters.,The Supreme Court said Monday the government can require public libraries to equip computers with anti-pornography filters  rejecting librarians' complaints that the law amounts to censorship.
1,1092090,1091918,It will also delay the retirement of Mr Wightwick  62  who agreed to stay on until the deal was completed and Buhrmann bedded down in PaperlinX.,It will delay the retirement of Mr Wightwick  62  who agreed to stay on until Buhrmann is bedded down inside PaperlinX.
1,2158247,2158067,U.S. District Judge William Steele set a hearing tomorrow on the lawsuit.,U.S. District Judge William Steele has set the hearing on the suit for Wednesday.
1,1459781,1459802,Board Chancellor Robert Bennett declined to comment on personnel matters Tuesday.,Mr. Mills declined to comment yesterday  saying that he never discussed personnel matters.
0,745950,746180,The broader Standard & Poor's 500 Index .SPX was down 0.04 points  or 0 percent  at 971.52.,Standard & Poor's 500 stock index futures for June were down 2.60 points at 965.70  while Nasdaq futures were down 7.50 points at 1 183.50.
0,1279867,1279906,The recent turnaround in the stock market and an easing in unemployment claims should keep consumer expectations at current levels and may signal more favorable economic times ahead.,"The recent turnaround in the stock market and an easing in unemployment claims ""may signal more favorable economic times ahead "" she said."
1,1091178,1091235,Early Wednesday  the benchmark 10-year US10YT=RR had lost 16/32 in price  driving its yield up to 3.33 percent from 3.26 percent late Tuesday.,Further out the curve  the benchmark 10-year note US10YT=RR shed 26/32 in price  taking its yield to 3.27 percent from 3.17 percent.
0,1293239,1293439,The army said the raid  which comes just days after Israeli troops shot and killed Abdullah Kawasme  the Hamas leader in the city  targeted militants in Hamas.,The arrests came just days after Israeli troops shot and killed Abdullah Kawasme  the militant group's leader in Hebron.
1,2085113,2085096,Energy and Commerce Committee Chairman Billy Tauzin  R-La.  said Friday that he will hold a hearing on the blackout as soon as lawmakers return in September.,House Energy and Commerce Committee Chairman Billy Tauzin  R-La.  said his committee will hold a hearing on the power outage in September.
1,1739449,1739474,Also  businesses throughout Utah are volunteering to display Amber alerts on their signs.,Other businesses are volunteering to put the alerts on their electronic signs and billboards.
0,1618261,1618195,A report on the finding appears in Friday's issue of the journal Science.,The results were announced at a NASA headquarters news conference Thursday and in today's issue of the journal Science.
1,500945,500912,The autopsy was ordered sealed at the request of both the prosecution and defense.,Girolami ordered the records conditionally sealed May 15 at the request of prosecution and defense attorneys.
0,437728,437769,The Dodgers won their sixth consecutive game their longest win streak since 2001 as they edged Colorado  3-2  Wednesday in front of a crowd of 25 332 at Dodger Stadium.,The Dodgers won their sixth consecutive game and seventh in their last nine as they beat Colorado 3-2 on Wednesday in front of a crowd of 25 332 at Dodger Stadium.
1,2673112,2673141,The district also sent letters yesterday informing parents of the situation.,Parents received letters informing them of the possible contamination yesterday.
0,1091232,1091267,The two-year note US2YT=RR fell 5/32 in price  taking its yield to 1.23 percent from 1.16 percent late on Monday.,The benchmark 10-year note US10YT=RR lost 11/32 in price  taking its yield to 3.21 percent from 3.17 percent late on Monday.
0,2560904,2560923,Optima first registered www.optimatech.com with Network Solutions at the end of 1990.,Network Solutions returned the domain name back to Optima in 2001.
1,2011657,2011797,Bashir felt he was being tried by opinion not on the facts  Mahendradatta told Reuters.,Bashir also felt he was being tried by opinion rather than facts of law  he added.
1,556825,556733,According to Saunders  the gunman said he was frustrated by the U.S. Postal Service's response to an accident involving a postal vehicle.,Sheriff's Department spokesman Chris Saunders said the man told them he was frustrated by the Postal Service's response to an accident involving a postal vehicle.
0,2798926,2798877,Spokesmen for the FBI  CIA  Canadian Security Intelligence Service and Royal Canadian Mounted Police declined to comment on El Shukrijumah's stay in Canada.,The FBI  CIA  Canadian Security Intelligence Service and Royal Canadian Mounted Police declined to comment on the Washington Times report.
1,2493883,2493851,In the interview  Mr. Reed said board members could not defend themselves by saying they did not realize the size of Mr. Grasso's package.,Reed said board members can't defend themselves by saying they didn't realize the size of Grasso's package.
0,2763716,2763600,Florida's Supreme Court has twice refused to hear the case.,On Tuesday  a Florida appeals court again refused to block removal of the tube.
1,1516698,1516745,It estimated on Thursday it has a 51 percent market share in Europe.,Boston Scientific said it has gained 51 percent of the coated-stent market in Europe.
1,2249306,2249238,A conviction could bring a maximum penalty of 10 years in prison and a $250 000 fine.,If convicted  he faces a maximum penalty of 10 years in prison and a $250 000 fine.
0,572627,572552,He was tracked to Atlanta where he was arrested on Tuesday night.,He was arrested in Atlanta  Georgia  on Monday night by police acting on a tip-off.
1,758196,758501,Under the legislation  a physician who performed the procedure could face up to two years in prison.,Physicians who perform the procedure would face up to two years in prison  under the bill.
0,1117439,1117424,The meat  poultry  butter  cheese and nuts were impounded a year ago at a LaGrou Cold Storage warehouse in Chicago.,The meat  poultry  butter  cheese and nuts were being stored by more than 100 wholesalers in Chicago.
0,1580610,1580733,"I think we made the right case and did the right thing.""","Mr Blair went on: ""I think we did the right thing in relation to Iraq."
1,75618,75659,Born in 1953 in Baghdad  her father was Salih Magdi Ammash  a former Vice-President  Defence Minister and member of the Baath party leadership.,Born in 1953 in Baghdad  she is the daughter of Saleh Mahdi Ammash  a former vice-president  defence minister and member of the Baath party's leadership.
1,1500312,1500289,Among the Group of Seven nations  the leading indicator rose to 119.1 from 118.2 in April.,The Group of Seven nations  meanwhile  also saw some improvement  with the leading indicator rising to 119.1  from April's 118.2.
1,1907420,1907308,In an E-mail statement to the Knoxville News Sentinel  Shumaker said  ''I am not giving any consideration to resignation.,"I am not giving any consideration to resignation "" Shumaker said in a statement."
1,748620,748510,New building hasn't put any drag on the skyrocketing median home price  up 14.8 percent to $364 000 in April from a year ago.,New construction has not put a drag on the skyrocketing median home price  which is $364 000 in April  up 14.8 percent from a year ago.
1,1268446,1268498,Dealers said the single currency's downward momentum against the dollar could pick up speed if it broke below $1.15.,Dealers said the euro's downward momentum may pick up speed should it break below $1.15.
1,2405094,2405072,INTEL TODAY disclosed details of its next-generation XScale processor for mobile phones and handheld devices here in San Jose.,Intel on Wednesday unveiled its next-generation processor for cell phones  PDAs  and other wireless devices.
1,2716543,2716503,News Corp.  whose empire spans Hollywood's Twentieth Century-Fox Film Corp. to publishing house HarperCollins Publishers Ltd.  owns 35 per cent of BSkyB.,News Corp.  whose empire spans Hollywood's Twentieth Century Fox to publishing house HarperCollins  owns 35 percent of BSkyB.
0,1785254,1785242,West Nile Virus -- which is spread through infected mosquitoes -- is potentially fatal.,West Nile is a bird virus that is spread to people by mosquitoes.
1,2228916,2228956,As of Friday  the U.S. Centers for Disease Control and Prevention reported 1 602 human cases of West Nile so far this year  including 28 deaths.,The Centers for Disease Control and Prevention reports there have been 1 602 human cases of West Nile virus nationwide this year and 28 deaths.
0,529554,529492,The company said that based on first-quarter results it expects to earn 90 cents per share for the quarter.,The company  based in Winston-Salem  reported first-quarter profit of $13.1 million  or 22 cents per share.
0,953777,953743,The technology-laced Nasdaq Composite Index was up 7.60 points  or 0.46 percent  at 1 653.62.,The broader Standard & Poor's 500 Index <.SPX> shed 2.38 points  or 0.24 percent  at 995.10.
1,401945,402086,After that  college President Paul Pribbenow told him to wrap up his speech.,After Hedges' microphone was unplugged for a second time  Pribbenow told him to wrap up his speech.
1,62786,62543,The statement said Mr Turner transferred 10 million shares of the stock to a charitable trust  which then sold them.,Mr. Turner transferred about 10 million shares to a charitable trust before they were sold.
1,1457976,1457907,"His lawyer  Harriet Newman Cohen  said later that Cuomo ""was betrayed and saddened by his wife's conduct during their marriage.""","Yesterday  Mr. Cuomo's lawyer  Harriet Newman Cohen  read a statement over the phone: ""Mr. Cuomo was betrayed and saddened by his wife's conduct during their marriage."
0,1287681,1287716,He allowed two runs in seven innings and struck out six.,Zambrano pitched seven innings and allowed two runs on five hits and four walks.
0,1977693,1977631,The broad Standard & Poor's 500 Index .SPX inched up 3 points  or 0.32 percent  to 970.,The technology-laced Nasdaq Composite Index .IXIC lost 2 points  or 0.18 percent  to 1 649.
1,1748344,1748330,Ms. Cripps-Prawak left last Friday  two days after the department introduced a plan to distribute medical marijuana through doctors' offices.,The director of the Office of Medical Access  Cindy Cripps-Prawak  left her job after the department introduced a plan to distribute marijuana through doctors' offices.
1,1474151,1474190,An injured woman co-worker also was hospitalized and was listed in good condition.,A woman was listed in good condition at Memorial's HealthPark campus  he said.
